Data,Vietovė,Elemento tipas,Kelias
2019-01-03,"​Partizanų g. 102 remontuojamas vandentiekio įvadas.
Partizanų g. tikrinami vandentiekio tinklai.
Veršvos g. 2 (Domeikava)  remontuojama buitinių nuotekų linija.
Veiverių g. 45A, Šlaito g. 14 (Domeikava), Žemaičių g. 91, Partizanų g. 72 remontuojami šuliniai. 
Patrimpo g. 29, Šiaurės pr. 35, Žemuogių g. 7, S. Dariaus ir S. Girėno g. 19, V. Kuzmos g. 6 tikrinami ir plaunami buitinių ir lietaus nuotekų tinklai.
Kilus klausimams skambinti:
Klientų aptarnavimas  8 800 20 000
Vandentiekio tinklų avarinė tarnyba(8 37) 31 35 92
Nuotekų tinklų avarinė tarnyba(8 37) 31 28 76",Elementas,Lists/darbai
2019-01-02,"​S. Šalkauskio g. 32 remontuojama vandentiekio linija.
Pramonės pr. 32, Taikos pr. 46 remontuojami šuliniai.
Jotvingių g. 12, Panerių g., Varnių g.  tikslinamos šulinių vietos, vykdomas jų remontas.
Vilniaus g. 15, S. Lozoraičio g. 3B, Šlaito g. 14  valomi šuliniai.
9 Forto g. 72, A. Mackevičiaus g. 16, V. Krėvės pr. 26, A. Šociko g. 3,  Vilniaus g. 15, S. Lozoraičio g. 3B, Šlaito g. 14 tikrinami ir plaunami buitinių ir lietaus nuotekų tinklai.
Kilus klausimams skambinti:
Klientų aptarnavimas  8 800 20 000
Vandentiekio tinklų avarinė tarnyba(8 37) 31 35 92
Nuotekų tinklų avarinė tarnyba(8 37) 31 28 76",Elementas,Lists/darbai
2018-12-31,"​Raudondvario pl. 150, Kaltinėnų g. 30 remontuojamos vandentiekio linijos.
Veiverių g. 45A remontuojamas šulinys. 
Savanorių pr. 3 tikrinamas vandentiekio įvadas.
Taikos pr. 116F, Šlaito g. 14, S. Lozoraičio g. 3B, Kranto 18 - oji g. 36 tikrinami ir plaunami buitinių nuotekų tinklai.
Kilus klausimams dėl UAB ,,Kauno vandenys"" atliekamų darbų, skambinti į Avarinę tarnybą tel. (8 37) 31 35 92.​",Elementas,Lists/darbai
2018-12-28,"​R. Kalantos g. 10 remontuojama vandentiekio linija. Gabijos g. 4 keičiama vandentiekio sklendė.
Vydūno al. 21 šulinyje remontuojamas vandentiekio įvadas.
Panerių g. / Varnių g. remontuojami šuliniai.
Baltų pr. 120, Partizanų g. 74 valomi šuliniai.
Kranto 18 - oji g. 36 montuojami vandens nutekėjimo davikliai.
Ramybės g. 55A – 35, Partizanų g. 74 tikrinami ir plaunami buitinių nuotekų tinklai.",Elementas,Lists/darbai
2018-12-27,"Chemijos g. 6A remontuojama vandentiekio linija. Sukilėlių pr. 36 remontuojamas lietaus surinkimo šulinėlis.
Rnguvos g. 44 valomas ir remontuojamas šulinys. 
Partizanų g. 74 tvarkoma įgriuva ir šulinys.
Liepų g. 33, Ringuvos g. 44, Baltijos g. 56, A. Šociko g. 13 tikrinami ir plaunami buitinių nuotekų tinklai.",Elementas,Lists/darbai
2018-12-21,"​Žalgirio g. 9 (Ringaudai) remontuojamas vandentiekio įvadas.
Šilalės g. 5, Sukilėlių pr. 78A tikrinami vandentiekio tinklai.
A. Juozapavičiaus pr. 53, Veiverių g. 107, R. Kalantos g. 173  remontuojami šuliniai, keičiami dangčiai.
M. Daukšos g. 26A tikrinami šuliniai.
Garliavos pl. 37 tikslinami neteisėti lietaus nuotekų pajungimo į buitinių nuotekų tinklą atvejai.
V. Kuzmos g. 6, Plento g. 24, Kleboniškio g. 5 tikrinami ir plaunami buitinių nuotekų tinklai.",Elementas,Lists/darbai
2018-12-20,"​A. Žukausko g. 27 remontuojama vandentiekio linija. Vokiečių g. 161, A. Juozapavičiaus pr. 7F linijoje atnaujinamas vandens tiekimas.
Tulpių g. 23 tikrinamas vandentiekio įvadas.
A. Mapu g. 13A tvarkoma įgriuva.
A. Juozapavičiaus pr. 56 remontuojamas šulinys.
Savanorių pr., Pramonės pr., Partizanų g. tikrinami gaisriniai hidrantai.  
Partizanų g. 48, 68, Užliedžių g., Marių g. 7, S. Daukanto g. 8 valomi šuliniai.
Partizanų g. 48, 68, Užliedžių g., Marių g. 7, Daukanto g. 8 tikrinami ir plaunami buitinių ir lietaus nuotekų tinklai. 
Pramonės pr. 25 remontuojamas lietaus nuotekų tinklo šulinys.
Ukmergės g. 16  remontuojamas buitinių nuotekų tinklo šulinys, tvarkoma įgriuva.",Elementas,Lists/darbai
2018-12-19,"​Dėl  vandentiekio linijos remonto darbų gruodžio 19 d. nuo 8 val. iki 11 val. laikinai nutrauktas vandens tiekimas Savanorių pr. Nr. 60. Atnaujinus vandens tiekimą gali pablogėti vandens kokybė.
P. Plechavičiaus g. 17 remontuojama vandentiekio linija.
Tauragės g. 8 remontuojamas vandens apskaitos mazgas.
A. Juozapavičiaus pr. 7 tikrinami vandentiekio tinklai, tikslinama vandens nutekėjimo vieta.
A. Juozapavičiaus pr. 56, Energetikų g.48, Maironio g. 14, Technikos g. 24 remontuojami šuliniai, keičiamas liukas ir  dangtis.
Nemuno g. 12 (Rokai), Volungių g. 6 (Domeikava), S. Daukanto g. 8, Veršvos g. 2, R. Kalantos g. 10, Bitininkų g. 31, P. Kalpoko g. 31 tikrinami ir plaunami buitinių ir lietaus nuotekų tinklai.",Elementas,Lists/darbai
2018-12-18,"​Dėl vandentiekio sklendės keitimo darbų, gruodžio 18 d. nuo 13 val. iki 17 val. laikinai nutraukiamas vandens tiekimas Aukštaičių g. 42, 43, 44, 45, 46, Kauko al. 20, 22, 24. Atnaujinus vandens tiekimą laikinai gali pablogėti vandens kokybė.
 E. Fryko g. 8, Ukmergės g. 14 remontuojamos vandentiekio linijos.  
Žalgirio g. 9 (Ringaudai) keičiama vandentiekio sklendė.
 Breslaujos g. tikrinamos vandentiekio sklendės.
Kovo 11-osios g., V. Krėvės pr. vandentiekio linijoje atnaujinamas vandens tiekimas. 
M. Daukšos g. 20, 20A, 20B  tinkluose ir įvaduose matuojamas vandens slėgis.
 Universiteto g. 2, Partizanų g. 48, Užnerio g. 57 valomi šuliniai.  
Laisvės al. 33 remontuojamas buitinių nuotekų tinklas.
 Vievio g. 35, Vasarvietės g.13M  gavus prašymą nutraukiamas vandens tiekimas.
Kuzmos g. 6, Universiteto g. 2, Partizanų g. 48, Bitininkų g. 31, Užnerio g. 57, Vytėnų g. 23, J. Basanavičiaus al. 53 tikrinami ir plaunami buitinių ir lietaus nuotekų tinklai.",Elementas,Lists/darbai
2018-12-17,"​Dėl vandentiekio linijos avarijos, gruodžio 17 d. nuo 12 val. iki 17 val.  laikinai nutraukiamas vandens tiekimas Akademijos miesteliui - Tako g., Pilėnų g., Mokyklos g., sodų bendrijai. Atnaujinus vandens tiekimą laikinai gali pablogėti vandens kokybė.
Dėl vandentiekio rekonstrukcijos darbų, gruodžio 18 d. nuo 19 val. iki 23 val. laikinai nutraukiamas vandens tiekimas - atkarpoje nuo K. Griniaus g. iki Varnių g. Atnaujinus vandens tiekimą laikinai gali pablogėti vandens kokybė.  
Breslaujos g. 2 remontuojama vandentiekio linija.
Neries krantinė, Radvilėnų pl. 21 tikrinamos vandentiekio sklendės.  
Bitininkų g. 31, Partizanų g. 48, Panerių g. 43, Veiverių g. 107 valomi ir remontuojami šuliniai.
Kaišiadorių g.10, Tilvikų takas Nr. 25 tikrinami tinklai.  
V. Krėvės pr. 26, Maironio g. 14, Bitininkų g. 31, Partizanų g. 48, Panerių g. 43 tikrinami ir plaunami buitinių ir lietaus nuotekų tinklai.",Elementas,Lists/darbai
2018-12-14,"Dėl vandentiekio linijos rekonstrukcijos darbų, gruodžio 14 d. nuo 9 val. iki 14 val. laikinai nutraukiamas vandens tiekimas -  Laisvės al. Nr. 57, 59. Atnaujinus vandens tiekimą gali pablogėti vandens kokybė. 
Kėkštų g. 31 remontuojama vandentiekio linija.
Kapsų g. 4 remontuojamas vandentiekio įvadas.
Palemono g., Ateities pl. tikrinami vandentiekio tinklai.
Aukštaičių g., Žemuogių g., Kauko al. tikrinamos vandentiekio sklendės.
Įgulos g., Varpo g., Stumbro g. (Šakių k.) matuojamas vandens slėgis.  
Kranto al. 50 keičiamas liukas ir dangtis.
A. Juozapavičiaus pr.  remontuojamas buitinių nuotekų tinklas.
Bitininkų g. 31, V. Krėvės pr. 26, 106, J. Basanavičiaus al. 51, A. Juozapavičiaus pr. 12, M. Daukšos g. 50, Josvainių g. 25, Vytėnų g. 23 tikrinami ir plaunami buitinių ir lietaus nuotekų tinklai.
V. Krėvės pr. 102, Josvainių g. 25, Vytėnų g. 23 valomi šuliniai.",Elementas,Lists/darbai
2018-12-13,"​Dėl vandenvietėje vykdomų remonto darbų, gruodžio 13 d. nuo 9 val. iki 10 val. laikinai nutraukiamas vandens tiekimas - Kleboniškio ir Naujasodžio k. gyventojams. Atnaujinus vandens tiekimą laikinai gali pablogėti vandens kokybė.
Dėl vandentiekio įvado pajungimo į vandentiekio liniją darbų, gruodžio 13 d. 23 val. iki 14 d. 5 val. laikinai nutraukiamas vandens tiekimas - Raudondvario pl. 161B, 190, 192, 194, 200, 204, Kaniūkų 1-oji g. 4. Atnaujinus vandens tiekimą laikinai gali pablogėti vandens kokybė.
Dėl vandentiekio linijos rekonstrukcijos darbų, gruodžio 14 d. nuo 9 val. iki 14 val. laikinai bus nutrauktas vandens tiekimas -  Laisvės al. Nr. 57, 59. Atnaujinus vandens tiekimą gali pablogėti vandens kokybė. 
Juodelynės g. 32 remontuojama vandentiekio linija.
Ringaudų k. tikslinama vandens nutekėjimo vieta.
Panerių g., Verknės g, Vokiečių g. tikrinami vandentiekio tinklai. 
Taikos pr. 141 demontuojami vandens nutekėjimo davikliai. 
Nemuno g. 12 (Rokai), Karklų g. 3 valomi šuliniai.
Verkių g. 11, R. Kalantos g. 127 keičiami šulinių liukai ir dangčiai.
Spynų g. 8, P. Višinskio g. 75H  remontuojami šuliniai.
Birštono g. 6, Vydūno al. 3, Šv. Gertrūdos g. 14B, Kumelių g., Nemuno g. 12 (Rokai), Karklų g. 3 tikrinami ir plaunami buitinių ir lietaus nuotekų tinklai.
Nemuno g. 12 (Rokai), Karklų g. 3 valomi šuliniai.",Elementas,Lists/darbai
2018-12-12,"​Varnalėšų takas 16 remontuojama vandentiekio linija.  
A. Juozapavičiaus pr. 27 remontuojamas vandens apskaitos mazgas.
Panerių g., Zarasų g., Tvirtovės al. tikrinami vandentiekio tinklai.
R. Kalantos g. 18 po remonto darbų vandentiekio linijoje atnaujinamas vandens tiekimas.
Ateities pl., Palemono g., Taikos pr. 141 demontuojamai ir montuojami vandens nutekėjimo davikliai.
Raudondvario pl. 186, 206 valomos vandentiekio kameros.
Neries kr. 2, Kovo 11-osios g. 31, Šv. Gertrūdos g.  valomi šuliniai.
T. Masiulio g. 31 remontuojama nuotekų linija.
Neries kr. 7A  remontuojamas lietaus nuotekų tinklo šulinys.
Kovo 11-osios g. 31, A. Mapu g. 28, Šv. Gertrūdos g. 14 B tikrinami ir plaunami buitinių ir lietaus nuotekų tinklai.",Elementas,Lists/darbai
2018-12-11,"​Eržvilko g. 5 remontuojama vandentiekio linija.  
Aido g. 8 keičiama vandentiekio sklendė.
Varnalėšų takas 16 tikrinamas vandentiekio tinklas ir sklendės.  
V. Kudirkos g. 20 atjungiamas vandentiekio įvadas.  
V. Montvilos g. 1 (Garliava) remontuojamas šulinys, keičiamas liukas ir  dangtis.
Ateities pl., Palemono g., Diemedžio g., Keramzito g. tikslinamos vandens nutekėjimo vietos.
Sąjungos a. 11 tikrinami buitinių nuotekų tinklo šuliniai. 
A. Mapu g. 18, Kapsų g. 77, Kovo 11- osios g. 31 tikrinami ir plaunami buitinių ir lietaus nuotekų tinklai.",Elementas,Lists/darbai
2018-12-10,"​V. Krėvės pr. 13A, Muitinės g. 9 remontuojamos vandentiekio linijos.
Verknės g.14, Chemijos g. 6a tikrinami vandentiekio tinklai.
Kulvos g. 41 remontuojamas šulinys, keičiamas liukas ir dangtis.
Raudondvario pl. 178-232, T. Masiulio g. 13A, Rasytės g. 22, Karklų g. 3 valomi vandentiekio šuliniai, tikrinamos sklendės.
A. Mapu g. 18, Kęstučio g. 6, 23A tikrinami ir plaunami buitinių nuotekų tinklai.",Elementas,Lists/darbai
2018-12-07,"​Dėl vandentiekio linijos rekonstrukcijos darbų gruodžio 7 d. nuo 9 val. iki 17 val. laikinai nutraukiamas vandens tiekimas Jonavos g. atkarpoje nuo Eigulių g. iki Nuokalnės g., atnaujinus vandens tiekimą laikinai gali pablogėti vandens kokybė.
Dėl įvykusių avarijų vandentiekio tinkluose nuo 9 val. 30 min. iki 13 val. laikinai nutraukiamas vandens tiekimas - R. Kalantos g. 123, 129, 133, 137, 141, 139, 145, 149, 155, 157, 151. Nuo 9 val. 30 min. iki 12 val., Lazdijų g. namams su lyginiai numeriais 42-68, atnaujinus vandens tiekimą laikinai gali pablogėti vandens kokybė.
Muitinės g. 9, Vilniaus g. 21  matuojamas vandens slėgis.
A. Stulginskio g. 20, V. Krėvės pr. 102 remontuojami šuliniai, keičiami liukai ir dangčiai.
Ramybės g. 53, Lopšelio g. 10 valomi šuliniai.
A. Mapu g. 18, T. Masiulio g. 31, Partizanų g. 40, Europos pr. 120, Lopšelio g. 10, J. Basanavičiaus al. 51, Ramybės g. 53 tikrinami ir plaunami lietaus ir buitinių nuotekų tinklai.",Elementas,Lists/darbai
2018-12-06,"Pylimo g. 7 remontuojamas vandentiekio įvadas.
Ašigalio g., Riešutų g., Perkūno al. tikrinami vandentiekio tinklai.
Raudondvario pl. tikrinamos vandentiekio sklendės.
Kumelių g., Maironio g. 40, Ukmergės g. 13, Verkių g. 20 tikrinami ir valomi šuliniai.
Vokiečių g. 119, Veršvos g. 2 vyksta buitinių nuotekų tinklo šulinių ir linijos remonto darbai.
Maironio g. 40, Ukmergės g. 13, Verkių g. 20, Veiverių g. tikrinami ir plaunami lietaus ir buitinių nuotekų tinklai.",Elementas,Lists/darbai
2018-12-05,"​Dėl susijusiais su  S. Dariaus ir S. Girėno  stadiono rekonstrukcijos darbais nuo gruodžio 5 d. 23 val. iki gruodžio  6 d. 3 val. laikinai nutraukiamas vandens tiekimas Vaižganto g., Perkūno al. Nr. 12 – 30, 3A – 15, Ąžuolyno g. 2. Atnaujinus vandens tiekimą gali pablogėti vandens kokybė.
J. Naugardo g. tikslinama vandens nutekėjimo vieta.
S. Lozoraičio g., Vasario 16-osios g. (Garliavoje) atnaujinamas vandens tiekimas.
Perkūno al., Ašigalio g. tikrinami vandentiekio tinklai.
Karklų g. 3, Vilniaus g. 36, Ramybės g. 53 valomi šuliniai.
Sukilėlių pr. 73, Gailutės g. 6, R. Kalantos g. 88 remontuojami šuliniai, keičiami dangčiai.
Jonavos g. 162  remontuojama lietaus nuotekų tinklo surinkimo kamera.  
Karklų g. 3, Vilniaus g. 36, Ramybės g. 53, S. Dariaus ir S. Girėno g., Kumelių g., Vytėnų g. 25, Veiverių g. tikrinami ir plaunami buitinių nuotekų tinklai.",Elementas,Lists/darbai
2018-12-04,"​E. Fryko g., Kumelių g. 1 remontuojami vandentiekio įvadai.
Skudučių g. 25 remontuojama vandentiekio linija.
Muravos g., Baltų pr., Neries kr. tikrinami vandentiekio tinklai.
Šaldytuvų g., Tetervinų al., Erdvės g. (Ramučių k.), A. Mackevičiaus tikrinamos vandentiekio sklendės.  
J. Naugardo g. bus tikslinama vandens nutekėjimo vieta.
Karklų g. 3,  P. Vileišio g. 5 valomi šuliniai.
Artojų g. 7, Rasytės g. 22, Partizanų g. 9 tikrinami ir plaunami lietaus ir buitinių nuotekų tinklai.",Elementas,Lists/darbai
2018-12-03,"Dėl vandentiekio linijos rekonstrukcijos darbų Mackevičiaus g., gruodžio 3 d. nuo 9 val. iki 14 val. laikinai bus nutrauktas vandens tiekimas.
Mackevičiaus g. Nr. 3, 4, 5, 6, 7, 8, 11, 13, 14, 15, 16, 17, 18, 19, 19A, 20, 21, 22, 24, 25, 28, 30, 30A, 32, 32A, 34A, 38, 38A, 40, 40A, 29, 31, 33, 35, 35A, 37, 39, 41, 42, 42A, 43, 44, 45, 46, 47, 48, 49, 50, 51A, 52A, 53, 53A, 54, 54A, 55, 56, 57, 58, 58A, 58B, 58C, 58D, 59, 60, 60A, 61, 62, 66, 66A.
Karmėlavos g. Nr. 3.
Kriaušių g. Nr. 7, 7A, 9.  
J. Zikaro g. Nr. 1, 2, 3, 4, 5, 6, 7, 8, 9, 11, 15, 17, 19, 21, 23, 25, 25A, 27, 29.  
Paminklų g. Nr. 3, 6, 7, 8, 10, 11, 11A.
Benediktinių g. Nr. 5, 6, 7, 8, 9, 10, 11, 11A, 12, 14, 15, 16, 17, 19, 19A, 21, 23, 23A, 22, 24A, 25, 27, 27A, 29, 30, 32, 34, 36, 37, 39, 40, 41, 43, 44, 45, 46, 47, 48, 50.   
Trumpoji g. Nr. 3, 4, 5, 6, 7, 8, 8A, 10.
Pakopų takas Nr. 1, 3, 4.
M. Valančiaus g. 11 remontuojamas vandentiekio įvadas.
Sąjungos a. 17 remontuojama vandentiekio kamera.
Panerių g. 133 remontuojamas vandens apskaitos mazgas.
Muitinės g. 9A tikrinami ir remontuojami vandentiekio tinklai.
Perkūno al. tikrinami vandentiekio tinklai ir sklendės. 
A. Juozapavičiaus pr. 7-7T tikrinamas vandentiekio įvadų pralaidumas ir vandens slėgis.
Nepriklausomybės a. 12, Birželio 23 - iosios g. 14 valomi šuliniai. 
Veršvos g. 2, Partizanų g. 38, Nepriklausomybės a. 12, Breslaujos g. 3 tikrinami ir plaunami lietaus ir buitinių nuotekų tinklai.",Elementas,Lists/darbai
2018-11-30,"​Forto g. (Šakių k.) formuojama slėgio zona, uždaromos vandentiekio sklendės.
Laisvės al. 33 tikrinamas vandentiekio įvado pralaidumas.
Kranto 16-oji g. 18, Raudondvario 7- as takas 3 atjungiami vandentiekio įvadai.
Birželio 23-iosios g. 14, Šv. Gertrūdos g. 14B, Rotušės a. 10 valomi šuliniai.
Palangos g. 16, Islandijos pl. 215 remontuojamas buitinių nuotekų šulinys.
Saulės g. 16A  remontuojamas lietaus nuotekų surinkimo šulinys.
Šv. Gertrūdos g. 14B, Rotušės a. 10, Europos pr. 120, Veršvos g. 2, Vokiečių g. 119 tikrinami ir plaunami lietaus ir buitinių nuotekų tinklai.",Elementas,Lists/darbai
2018-11-29,"​Lapkričio 29 d. nuo 23 val. iki  lapkričio 30 d. 3 val. laikinai bus nutraukiamas vandens tiekimas Neries kr. atkarpoje nuo Sąjungos a. iki K. Griniaus g.
Gabijos g. 2 remontuojamas vandentiekio įvadas.
A. Mickevičiaus g., J. Zikaro g. tikrinamos vandentiekio sklendės.  
Vandžiogalos pl. 20, Raudondvario pl. 99, Raudondvario 7-as takas 3, Žiedų g. 20 nutraukiamas vandens tiekimas.
M. Daukšos g. 26A, Dujotiekio g. 24 remontuojami šuliniai.
Vilniaus g. 36 remontuojama nuotekų linija.
Šv. Gertrūdos g. 14B, Rotušės a. 10, Nepriklausomybės g. 12 tikrinami ir plaunami lietaus ir buitinių nuotekų tinklai.",Elementas,Lists/darbai
2018-11-28,"​Lapkričio 28 d. nuo 9 val. iki 13 val. laikinai nutraukiamas vandens tiekimas Ringaudų ir Akademijos gyvenvietėse - Obelynės g., Medeinos g., Varžupio g., Varžupio 1-oji g., Varžupio 2-oji g.,Varžupio 3-oji g., T. Ivanausko g., Putinų g.
Lapkričio 28 d. nuo 11 val. iki 14 val. laikinai nutraukiamas vandens tiekimas Nemuno g. atkarpoje nuo Smalininkų g. iki Birštono g.
Lapkričio 29 d. nuo 23 val. iki  lapkričio 30 d. 3 val. laikinai bus nutrauktas vandens tiekimas Neries kr. atkarpoje nuo Sąjungos a. iki K. Griniaus g.
Seniavos pl., Gvazdikų g. dėl kokybės bus plaunamos vandentiekio linijos.  Ilgoji g. tikrinami vandentiekio tinklai ir gaisriniai hidrantai.
P. Plechavičiaus g. 6 remontuojamas vandentiekio įvadas.
T. Masiulio g. 16  remontuojama vandentiekio linija.
Partizanų g. 190, Trakų g. 1 remontuojami vandens apskaitos mazgai.
Šarkuvos g. 27, V. Krėvės pr. 47, Šiaurės pr. 99a tikrinami šuliniai.
Chodkevičių g. 9 (Romainiai), Šv. Gertrūdos g. 14B, Partizanų g. tikrinami ir plaunami lietaus ir buitinių nuotekų tinklai.",Elementas,Lists/darbai
2018-11-27,"​Lapkričio 27 d. nuo 13 val. iki 15 val. laikinai nutraukiamas vandens tiekimas Medžių g., Staugaičio g. Birutės g. Nr. 1-13, 2-1. Laikinai gali pablogėti vandens kokybė.
Savanorių pr. 236, Sedulų g. 2 (Vaišvydava) remontuojamos vandentiekio linijos.
Kokybės g, (LEZ), V. Krėvės pr. 133A plaunami vandentiekio įvadai.
Neries Krantinė, K. Griniaus g., Pakraščio g. 35, Vinių g.15. tikrinamos vandentiekio sklendės.
Užnemunės g., Marvelės g. remontuojama vandentiekio sklendė.
Rimvydo g. 28, Raudondvario pl. 93, Masiulio g. 22 tikrinami ir plaunami lietaus ir buitinių nuotekų tinklai. 
Kalniečių g. 186 remontuojamas buitinių nuotekų šulinys.
Raudondvario pl. 93 valomi šuliniai.
V. Montvilos g., Vienybės g., Pavasario g. (Garliava) tikslinami nelegalūs lietaus nuotekų pajungimo į buitinių nuotekų tinklą atvejai.",Elementas,Lists/darbai
2018-11-26,"​Dėl magistralinės vandentiekio linijos  rekonstrukcijos darbų nuo 2018 m. lapkričio 26 d.  iki  2019 m. vasario 14 d. Centro ir Vilijampolės mikrorajonams, geriamasis vanduo bus tiekiamas sumažintu slėgiu. Galimas vandens kokybės pablogėjimas.
L. Ivinskio g., Geležinkelio g. išjungiama vandentiekio linija.
Neries krantinė, Jonavos g. tikrinamos vandentiekio sklendės, valomi šuliniai.
Kruonio g. 23  keičiama vandentiekio sklendė
V. Krėvės pr., Pramonės pr. tikrinami vandentiekio tinklai.
Švenčionių g. 2, 29 keičiami šulinių liukai ir dangčiai.
Islandijos pl. 215 remontuojamas lietaus nuotekų tinklo šulinys.
Mažeikių g., Vinių g., Sąjungos a. 11, J. Basanavičiaus al. 62, Liškiavos g. 7 - 17, B. Bradausko g., Medvėgalio g. 13 tikrinami ir plaunami lietaus ir buitinių nuotekų tinklai.",Elementas,Lists/darbai
2018-11-23,"​T. Masiulio g. 22B remontuojama vandentiekio linija.
Pikulo g., A. Stulginskio g., Linkuvos g. tikrinami vandentiekio tinklai.
Kareivinių g., Plento g. plaunama vandentiekio linija.  
M. Daukšos g. 26A, Griunvaldo g. 2, Dujotiekio g. 2 remontuojami šuliniai.
Dujotiekio g. 24, Lozoraičio g. 13, Rotušės a. 10, Pramonės pr. 15,  Savanorių pr. 239 B, R. Kalantos g. 119c tikrinami ir plaunami lietaus ir buitinių nuotekų tinklai.",Elementas,Lists/darbai
2018-11-22,"​Kovo 11-osios g. 102 remontuojama vandentiekio linija.
Amerikos Lietuvių g. 4 remontuojamas vandentiekio įvadas.
Panerių g., Varnių g. tikrinami vandentiekio tinklai.
T. Masiulio g. montuojami vandens nutekėjimo davikliai.  
Forto g., Vandžiogalos pl., Seminarijos g. (Domeikava) tikrinamos vandentiekio sklendės.
Aukštieji Šančiai tikrinami gaisriniai hidrantai.  
S. Žukausko g. 6 remontuojamas šulinys, keičiamas liukas ir dangtis.
Ryšių g. 30, Partizanų g. 51, 216, Medvėgalio g. 30 tikrinami ir plaunami lietaus ir buitinių nuotekų tinklai.",Elementas,Lists/darbai
2018-11-21,"​Lapkričio 21 d. nuo 22 val. iki 22 d. 6 val. laikinai bus nutrauktas vandens tiekimas Vaidoto g. Nr. 36, 42-48, 68-114, 79-149, Kareivinių g. Nr. 2-10, 3-9, Z. Gerulaičio g. Nr. 2,4,6, K. Veverskio g. Nr. 1,3,4,6. Atnaujinus vandens tiekimą laikinai gali pablogėti vandens kokybė.
Obelių g. 12 (Domeikava) remontuojama vandentiekio kamera.
Romuvos g. 19 (Romainiai) atjungiamas vandentiekio įvadas.
Rietavo g. 17 tikrinami vandentiekio tinklai.
M. Gimbutienės g., T. Masiulio g., Eglutės takas, Energetikų g., Nemajūnų g. tikslinamos vandens nutekėjimo vietos, demontuojami ir montuojami vandens nutekėjimo davikliai.
Aukštieji Šančiai tikrinami gaisriniai hidrantai.  
Neries krantinė 14, R. Mizaros g. 7 (Garliava)  remontuojami šuliniai, keičiami dangčiai ir liukai. 
Vilniaus g. 36 remontuojama nuotekų linija.
Ryšių g. 30, Liškiavos g. 7 - 17, A. Juozapavičiaus pr. 24 tikrinami ir plaunami lietaus ir buitinių nuotekų tinklai.",Elementas,Lists/darbai
2018-11-20,"Įgulos g., Seminarijos g. (Domeikava) prieš atnaujinant vandens tiekimą tikrinamos vandentiekio sklendės.
Žiburių g. 34 remontuojama vandentiekio linija.  
Jurbarko g. 37 remontuojama vandentiekio kamera.
Šarkuvos g. 33, Rietavo g. 5 tikrinami vandentiekio tinklai.
Energetikų g., Nemajūnų g., T. Masiulio g. tikslinamos vandens nutekėjimo vietos, montuojami vandens nutekėjimo davikliai. 
Raudondvario pl. 99 tikrinami vandentiekio tinklai ir sklendės, matuojamas vandens slėgis.  
Maumedžių g. 11 (Noreikiškės) remontuojama nuotekų linija.
Antanavos g. 6 tikrinami nuotekų šuliniai.
Žvaigždžių g. 15, Žiemių g. 3, Muitinės g. 13, Neries krantinė 9, Vaidoto g. 17-19, Piliakalnio g. 10 tikrinami ir plaunami lietaus ir buitinių nuotekų tinklai.",Elementas,Lists/darbai
2018-11-19,"​R. Kalantos g. 120 remontuojama vandentiekio linija. Partizanų g. 138 remontuojamas vandentiekio įvadas.
V. Kuzmos g. 8 permontuojamas vandens apskaitos mazgas.
Vaistinės skg. 14 remontuojamas šulinys, keičiamas liukas ir dangtis.
Puodžių g. 8 tikrinami vandentiekio šuliniai.
Kuršių g. 12, Šarkuvos g. 17 tikrinami vandentiekio tinklai.
T. Masiulio g., Nemajūnų g., Energetikų g. tikslinamos vandens nutekėjimo vietos.
Verkių g., Žarėnų g., Alsėdžių g.  tikrinami gaisriniai hidrantai.
Šiltnamių g. 5, Baltų pr. 81, Josvainių g. 25A valomi šuliniai.
P. Vileišio g. 5, Palemono g. 46, Savanorių pr. 192, Baltų pr. 81, Šiltnamių g. 5, Josvainių g. 25A tikrinami ir plaunami lietaus ir buitinių nuotekų tinklai.",Elementas,Lists/darbai
2018-11-16,"​Veiverių g., Lakūnų pl. plaunama vandentiekio linija.
Veiverių g., Europos pr. prieš nutraukiant vandens tiekimą tikrinamos sklendės.
Lazdijų g. 64 keičiama įvadinė vandentiekio sklendė. 
E. Fryko g. 9 remontuojamas vandens apskaitos mazgas.
Islandijos pl., Šiaurės pr. tikrinami gaisriniai hidrantai.
Maumedžių g. 11, Stumbro g. 1, Sąjungos a. 11 valomi ir remontuojami šuliniai.
Draugystės g. 8 remontuojama buitinių nuotekų tinklo linija.
Vilniaus g. 36, Gintariškių g. 25, Neries kr. 9, Ryšių g. 30, Partizanų pr. 90 – 108, Stumbro g. 1, Juozapavičiaus pr. 24, Maumedžių g. 11, Žvaigždžių g. 15 tikrinami ir plaunami lietaus ir buitinių nuotekų tinklai.",Elementas,Lists/darbai
2018-11-15,"15 d. dėl vandentiekio rekonstrukcijos darbų laikinai nutraukiamas vandens tiekimas - nuo 13 val. iki 15 val. Birutės g. (atkarpoje nuo Vaidoto g. iki Pušų g.), Medžių g. ir J. Staugaičio g.,
nuo 20 val. iki 6 val. Veiverių g. (atkarpoje nuo Europos pr. iki Lakūnų pl.),
nuo 23 val. iki 2 val. (Vijūkų k. ir Giraitės k.) Adolfo Šapokos g. (nuo Girios g. iki Topolių g.), Pušyno g., Beržų g., Žaros g., Bajorų g., Aguonų g., Jazminų g., Ąžuolų g. 
16 d. dėl vandentiekio rekonstrukcijos darbų laikinai nutraukiamas vandens tiekimas - nuo 2 val. iki 5 val. Savanorių pr. 290A, 290B, 292, 292B. Atnaujinus vandens tiekimą laikinai gali pablogėti vandens kokybė.
Pramonės pr. 31, Verkių g. 35 remontuojami vandentiekio įvadai.  Vaižganto g. 9A  remontuojamas vandens apskaitos mazgas.
A. Purėno g. 32, Vaižganto g. 12, Baltų pr. 105 tikrinami vandentiekio tinklai.
Neries kr. tikrinamos vandentiekio sklendės.
Sąjungos a. remontuojamas buitinių nuotekų tinklo šulinys.
Rokų g. 34, Virgalės g. Vilniaus g. 36, Sandėlių g. 7, A. Kačanausko g. 11, Užliedžių g. 19, A. Juozapavičiaus pr. 24, Ramybės g. 53, Maumedžių g. 11, Aukštoji g. 3 tikrinami ir plaunami lietaus ir buitinių nuotekų tinklai.
Maumedžių g. 11, A. Juozapavičiaus pr. 24 valomi buitinių nuotekų tinklo šuliniai.",Elementas,Lists/darbai
2018-11-14,"​Dėl vandentiekio sklendžių keitimo darbų 14 d. nuo 9 val. iki 17 val. laikinai bus nutrauktas vandens tiekimas J. Mateikos g. ir S. Moniuškos g. (atkarpoje tarp J. Mateikos g. ir M. Jankaus g.). Atnaujinus vandens tiekimą laikinai gali pablogėti vandens kokybė.
Universiteto g. 6 (Akademija) remontuojama vandentiekio linija.
Jonavos g. 136 remontuojamas vandentiekio įvadas.
Baterijos pl., Seinų g., Siūlų g., Drobės g., Nyčių g., Šeivų g., Pušyno g. Trakų g. 1 tikrinamos ir keičiamos vandentiekio sklendės.
Chemijos g., Studentų g. demontuojami vandens nutekėjimo davikliai.
Užliedžių g. 19, Sandėlių g. 7, Ramunių g. 7 plaunami šuliniai.
Piliakalnio g. 63, Aukštoji g. 3 keičiami šulinių liukai ir dangčiai.
Vaižganto g., L. Ivinskio g., Erdvės g. tikrinami vandentiekio tinklai.
Virgalės g., Sandėlių g. 7, Partizanų g. 49, A. Kačanausko g. 11 tikrinami ir plaunami lietaus ir buitinių nuotekų tinklai.",Elementas,Lists/darbai
2018-11-13,"Nemuno g. 25 vandentiekio tinkluose matuojamas vandens slėgis.  Chemijos g. 17A, Studentų g., A. Baranausko g. tikslinamos vandens nutekėjimo vietos,  montuojami vandens nutekėjimo davikliai.  
Veiverių g., Lakūnų g., Europos pr. tikrinamos vandentiekio sklendės.
J. Žemgulio g. 7, Salyno g., Virgalės g., Partizanų g. 49B, T. Masiulio g. 13A tikrinami ir plaunami buitinių nuotekų tinklai.
Rimvydo g. 7, Vilniaus g. 28A, Demokratų g. 37, Šv. Gertrūdos g. 39, Kovo 11-osios g. 45 remontuojami šuliniai.
Užliedžių g. 19, Pyvesos g. 23, Palemono g. 46 plaunami šuliniai.",Elementas,Lists/darbai
2018-11-12,"
Jazminų g. 37 remontuojama vandentiekio linija. Trakų g. 7 permontuojamas vandens apskaitos mazgas.
M. Riomerio g., Biržiškų g., A. ir J. Gravrogkų g., K. Baršausko g. – tikrinami vandentiekio įvadai ir sklendės.  
Lekėčių g. tikrinami vandentiekio tinklai.
Partizanų g, 9, A. Kačanausko g. 11, Laisvės al. 74, A. Juozapavičiaus pr. 24 tikrinami ir plaunami buitinių nuotekų tinklai.
V. Montvilos g. , Vienybės g. , Pavasario g. (Garliavoje) tikslinami neteisėti lietus nuotekų pajungimo į buitinių nuotekų tinklus atvejai.",Elementas,Lists/darbai
2018-11-09,"​Mažoji g. 11 remontuojamas vandentiekio įvadas. Aukštaičių g., Kauko al. tikrinami šuliniai ir sklendės.
Vaidoto g. 19  remontuojamas gaisrinis hidrantas, permontuojamas šulinys.
Vasario 16 - osios g. 9, Lukšynės g. 15 valomi šuliniai.
Muitinės g. 27 (Domeikava ) remontuojama buitinių nuotekų tinklo linija.
Partizanų g. 9, Romainių g. 96, Kuršių g. 12, Vasario 16 - osios g. 9, Lukšynės g. 15, Apuolės g. 7, Salyno g., Virgalės g. tikrinami ir plaunami lietaus ir buitinių nuotekų tinklai.",Elementas,Lists/darbai
2018-11-08,"8 d. Laisvės al.atkarpoje nuo L. Sapiegos g. iki Vilniaus g. bus tikrinama vandentiekio linija ir įvadai. Pastebėjus, jog sutriko vandens tiekimas, gyventojų prašoma skambinti avarinei tarnybai tel. (8 37) 31 35 92.  
Trakų g. 34, Nemuno g. 47 remontuojamas buitinių nuotekų tinklas.   
T. Masiulio g. 18, Medvėgalio g. 25, Aušros g. 30, 65, Rožių g. 7 tikrinami buitinių nuotekų tinklai.  
T. Masiulio g. 18, Medvėgalio g. 25 valomi šuliniai.  
Tremtinių g. 13 tikslinami neteisėti lietaus nuotekų pajungimo į buitinių nuotekų tinklą atvejai.
  ",Elementas,Lists/darbai
2018-11-07,"Dėl vandentiekio remonto darbų 7 d. nuo 9 val. iki 18 val. laikinai bus nutrauktas vandens tiekimas Šilelio g., Įgulos g., Seminarijos g., Varpo g., Vijuonos g., Girios g., Tūkstantmečio g., Neringos g., Žuvų g. (Šakių k. Domeikavos seniūnija). Atnaujinus vandens tiekimą gali pablogėti vandens kokybė.
7 d. Laisvės al. atkarpoje nuo L. Sapiegos g. iki Vilniaus g. bus tikrinama vandentiekio linija ir įvadai. Pastebėjus, jog sutriko vandens tiekimas, gyventojų prašoma skambinti avarinei tarnybai tel. (8 37) 31 35 92.
Chemijos g. 29A remontuojama vandentiekio linija.
Savanorių pr. 129 remontuojamas vandens apskaitos mazgas.
E. Ožeškienės g. 45 remontuojamas vandentiekio įvadas.
Vandžiogalos g., Stumbro g., Siūlų g. tikrinamos vandentiekio sklendės. 
Trakų g. matuojamas vandens slėgis.
Vytauto pr.19, Tvirtovės al. 86, Kovo 11 - osios g. 57 Pramonės pr. 9, A. Juozapavičiaus pr. 114, Dubingių g. 1A tikrinami ir plaunami lietaus ir buitinių nuotekų tinklai.
S. Santvaro g. 46-44, Prancūzų g. 68A, Dubingių g. 1, Kovo 11-osios g. 57 valomi šuliniai.
",Elementas,Lists/darbai
2018-11-06,"​Dėl vandentiekio remonto darbų 7 d. nuo 9 val. iki 18 val. laikinai bus nutrauktas vandens tiekimas Šilelio g., Įgulos g., Seminarijos g., Varpo g., Vijuonos g., Girios g., Tūkstantmečio g., Neringos g., Žuvų g. (Šakių k. Domeikavos seniūnija). Atnaujinus vandens tiekimą gali pablogėti vandens kokybė.
Tetervinų al., Verkių g. 63,  (Šakių k.) prieš nutraukiant vandens tiekimą tikrinamos sklendės ir vandentiekio tinklai. 
V. Landsbergio - Žemkalnio g. 9, M. Daukšos g. 16, Aukštųjų Kaniūkų g. 41 permontuojami vandens apskaitos mazgai.
Atžalyno g. (Garliava) tikslinamos vandens nutekėjimo vietos.
Obuolių g. 3, Veršvos g. 2  remontuojami šuliniai.
Šilainių pl. 19, Naujakurių g. 30, Taikos pr. 70, 86, Pramonės pr. 9, Prancūzų g. 68A, Pilėnų g. 6, Demokratų g. 37, Šv. Gertrūdos g. 39, Smėlio g., Mažoji g. tikrinami ir plaunami lietaus ir buitinių nuotekų tinklai.
Gvazdikų g., Darbininkų g. tikslinimai neteisėti lietaus nuotekų pajungimo į buitinių nuotekų tinklą atvejai.",Elementas,Lists/darbai
2018-11-05,"
Kopų g. 18 remontuojama vandentiekio linija.
Vasario 16-osios g. 8 (Garliava) keičiama vandentiekio sklendė.
Šiaurės pr. 41, Pramonės pr. 99, R. Kalantos g. 7, Atžalyno g. 19 tikrinami vandentiekio tinklai.
A. Mackevičiaus g., J. Zikaro g., Perlojos g. tikrinamos vandentiekio sklendės.  
Neries krantinė 2, Pilėnų g. 6, M. Daukšos g. 34A, Radastų g. 31 tikrinami ir remontuojami šuliniai, keičiami dangčiai.
Mokyklos g. 9, P. Višinskio g. 77, A. Smetonos al. 57, Pabiržės g. 22 , Karaliaus Mindaugo pr. 40 tikrinami ir plaunami lietaus ir buitinių nuotekų tinklai.
",Elementas,Lists/darbai
2018-11-02,"​M. Daukšos g. 34A, Ašigalio g. 53 vyks šulinių remontas,     Kareivinių g. 5 – buitinių nuotekų linijos remontas,     Gvazdikų g. – buitinių nuotekų tinklų patikra sauso dūmo generatoriumi.
Europos pr. 70, Mokyklos g. 9, T. Masiulio g. 16, Vaižganto g. 9, Kazliškių g. 26, Baltijos g. 65, Geležinkelio g. 5 bus tikrinami ir plaunami buitinių ir lietaus nuotekų tinklai.
",Elementas,Lists/darbai
2018-10-31,"
Kovo 11-osios g. 37 remontuojamas vandens apskaitos mazgas.
V. Krėvės pr. 58 remontuojama vandentiekio kamera.
Šarkuvos g. 33 keičiamas šulinio liukas ir dangtis.
A. Smetonos al., Ringuvos g. 32, A. Juozapavičiaus pr. 32, Smėlio g., Malūno g., Perlojos g., Tilto g. tikrinami  tinklai, šuliniai ir sklendės. 
Trakų g. 33 remontuojama buitinių nuotekų tinklo linija.
J. Žemgulio g. 7, Kęstučio g. 23A, Ašigalio g. 53, Prancūzų g. 45, Vaižganto g. 9, Jonavos g. 164 tikrinami ir plaunami lietaus ir buitinių nuotekų tinklai.
Žalioji g. 11, Prancūzų g. 70, Zarasų g. 32, Ašigalio g. 35 valomi šuliniai.",Elementas,Lists/darbai
2018-10-30,"Dėl vandentiekio rekonstrukcijos darbų 30 d. 23 val. iki 31 d. 6 val. laikinai bus nutrauktas vandens tiekimas Vaidoto g. Nr. 17-51, 31-114, Mažoji g. Nr. 2-10, 1-11, K. Veverskio g., Kareivinių g. Z. Gerulaičio g. atnaujinus vandens tiekimą laikinai gali pablogėti vandens kokybė.
Kaišiadorių g. 10 laikinai nutraukiamas vandens tiekimas.
Vaidoto g., Mažoji g., K. Veverskio g., Z. Gerulaičio g., Kareivinių g. prieš nutraukiant vandens tiekimą tikrinamos vandentiekio sklendės.
Nemuno g. 47, Žemaičių g. 43, Gražinos g. 48, Gedimino g. 22, Tvirtovės al. 2 montuojami šuliniai, keičiami liukai ir dangčiai.
Vilniaus g. 28A, M. Daukšos g. 34A, Taikos pr. 70, Zarasų g. 32, Vaižganto g. 9,  Ąžuolyno parkas tikrinami ir plaunami lietaus ir buitinių nuotekų tinklai.
Taikos pr. 70, Jonavos g. 164 valomi šuliniai.",Elementas,Lists/darbai
2018-10-29,"
V. Krėvės pr. 58 permontuojamas vandens apskaitos mazgas.
Kulvos g. 34 permontuojamas šulinys.
Karaliaus Mindaugo pr., Kaunakiemio g., Prietilčio g. tikrinami gaisriniai hidrantai.
Baltų pr. 4, Demokratų g. 45  remontuojamos buitinių nuotekų tinklo linijos.
Kareivinių g. 5, 8, J. Žemgulio g. 17, P. Višinskio g. 75A, Spynų g. 4, Rimvydo g. 7, Zarasų g. 32, A. Smetonos al. 57A, Guobų g. 97, Birželio 23 - iosios g. 7, Gedimino g. 3 tikrinami ir  plaunami lietaus ir buitinių nuotekų tinklai.
Taikos pr. 70a , Gedimino g. 22, Guobų g. 97 valomi šuliniai.  ",Elementas,Lists/darbai
2018-10-25,"
Žuvinto g. 5, Partizanų g. 90, Ašmenos II-oji g. 21 remontuojamos vandentiekio linijos.
K. Petrausko g. 15, A. Juozapavičiaus pr. 38; L. Ivinskio g. 106, Žemynos g. tikrinami vandentiekio tinklai.
Varpo g. 2, Laisvės al. 40, Nemuno g. 12 valomi šuliniai.
Linkuvos g., Panerių g., Pilies g., A. Jakšto g. tikrinamos vandentiekio sklendės.
Savanorių pr., Lakajų g. tikrinami gaisriniai hidrantai.
Varpo g. 2, Laisvės al. 40, Nemuno g. 12, Širvintų g. 58 plaunami lietaus ir buitinių nuotekų tinklai.",Elementas,Lists/darbai
2018-09-03,"Sodų g. 2, K. Donelaičio g. 65 tikslinamos vandens nutekėjimo vietos.
V. Putvinskio g. 44 remontuojamas šulinys.
Kranto al., Kranto 10-oji g., Vaižganto g. 12 kečiami šulinių liukai ir dangčiai.
V. Putvinskio g. 65, Kulvos g. 28, Vytauto pr., Bažnyčios g., Kalniečių g. 81, R. Kalantos g. 118, Vaidoto g. tikrinami buitinių ir lietaus nuotekų tinklai.
V. Putvinskio g. 65, R. Kalantos g. 118, Vytauto pr., Bažnyčios g. valomi šuliniai.",Elementas,Lists/darbai